INSERT INTO Product (uuid, p_name, price, discount, amount, cover, product_type_code) VALUES ('000150', 'Tâm lý học mối quan hệ', 71000.00, 0.10, 100, 'https://salt.tikicdn.com/cache/w1200/ts/product/0a/15/ea/4e181a1dcfd2d16840c1fe242b914ba1.png
', '1_sach_');
INSERT INTO Product (uuid, p_name, price, discount, amount, cover, product_type_code) VALUES ('000151', 'Ám Ảnh Sợ Xã Hội - Chạy Trốn Hay Đối Mặt', 89900.00, 0.10, 200, 'https://salt.tikicdn.com/cache/w1200/ts/product/8e/0a/47/70d281ef74f6976194bdce448bbabeb1.jpg
', '1_sach_');
INSERT INTO Product (uuid, p_name, price, discount, amount, cover, product_type_code) VALUES ('000152', 'Ổn Định Hay Tự Do', 94100.00, 0.10, 300, 'https://salt.tikicdn.com/cache/w1200/ts/product/6b/f4/a1/f029ab00ae124fca88412f5cc0e36700.jpg
', '1_sach_');
INSERT INTO Product (uuid, p_name, price, discount, amount, cover, product_type_code) VALUES ('000153', 'Tâm Lý Học Hành Vi', 73400.00, 0.10, 400, 'https://salt.tikicdn.com/cache/w1200/ts/product/cd/72/24/a9f929f98397d1be047e47602989a5e0.jpg
', '1_sach_');
INSERT INTO Product (uuid, p_name, price, discount, amount, cover, product_type_code) VALUES ('000154', 'Đừng Cố Làm Người Tốt Trong Mắt Tất Cả Mọi Người', 93000.00, 0.10, 500, 'https://salt.tikicdn.com/cache/w1200/ts/product/56/8f/94/f9f68445f5c917152d6be847953facd5.jpg
', '1_sach_');
INSERT INTO Product (uuid, p_name, price, discount, amount, cover, product_type_code) VALUES ('000155', 'Rèn Luyện Tư Duy Phản Biện', 59000.00, 0.10, 600, 'https://salt.tikicdn.com/cache/w1200/ts/product/22/cb/a9/524a27dcd45e8a13ae6eecb3dfacba7c.jpg
', '1_sach_');
INSERT INTO Product (uuid, p_name, price, discount, amount, cover, product_type_code) VALUES ('000156', 'Tuổi Trẻ Đáng Giá Bao Nhiêu', 61200.00, 0.10, 700, 'https://salt.tikicdn.com/cache/w1200/ts/product/f8/34/c8/5fbf2a6f9d07b76d98e2fff2b29b0d3c.jpg
', '1_sach_');
INSERT INTO Product (uuid, p_name, price, discount, amount, cover, product_type_code) VALUES ('000157', 'Đừng Lựa Chọn An Nhàn Khi Còn Trẻ', 68000.00, 0.10, 800, 'https://salt.tikicdn.com/cache/750x750/ts/product/a9/11/cd/8db57c8fd3685e41109da91542dae1d5.jpg.webp
', '1_sach_');
INSERT INTO Product (uuid, p_name, price, discount, amount, cover, product_type_code) VALUES ('000158', 'Trời Sinh Vụng Về, Hãy Bù Đắp Bằng Sự Kiên Trì', 92400.00, 0.10, 900, 'https://salt.tikicdn.com/cache/750x750/ts/product/e7/3a/33/d90504644a26715758f68aa20eebbde5.jpg.webp
', '1_sach_');
INSERT INTO Product (uuid, p_name, price, discount, amount, cover, product_type_code) VALUES ('000159', 'Tôi Không Thích Ồn Ào', 57000.00, 0.10, 1000, 'https://salt.tikicdn.com/cache/750x750/ts/product/c9/43/59/28b2b8e945464020bef3ebc4ef96332a.jpg.webp
', '1_sach_');
INSERT INTO Product (uuid, p_name, price, discount, amount, cover, product_type_code) VALUES ('000160', '100+ Bài Tập Kích Thích Não Bộ Hiệu Quả 40 Ngày Luyện Trí Nhớ', 77400.00, 0.10, 1100, 'https://salt.tikicdn.com/cache/750x750/ts/product/0f/b4/a1/df57f39662a1fbce05f4491d2dddb562.jpg.webp
', '1_sach_');
INSERT INTO Product (uuid, p_name, price, discount, amount, cover, product_type_code) VALUES ('000161', 'Lựa chọn trong tỉnh thức tập 6 - Ranh giới giữa mê và ngộ', 146000.00, 0.10, 1200, 'https://salt.tikicdn.com/cache/750x750/ts/product/d1/09/fd/ee2bbae4cfd64cd0cb59f1db276957e5.png.webp
', '1_sach_');
INSERT INTO Product (uuid, p_name, price, discount, amount, cover, product_type_code) VALUES ('000162', 'Lịch Pháp Và Những Ngày Tốt Trong Năm 2021 - 2030', 132000.00, 0.10, 1300, 'https://salt.tikicdn.com/cache/750x750/ts/product/f9/49/2b/a191fafca2a3faff76ee1de6637d62ce.jpg.webp
', '1_sach_');
INSERT INTO Product (uuid, p_name, price, discount, amount, cover, product_type_code) VALUES ('000163', 'Dám Bị Ghét', 71200.00, 0.10, 1400, 'https://salt.tikicdn.com/cache/750x750/ts/product/e2/61/15/941af8f7b8fd8b43cf8931b551fa9d54.jpg.webp
', '1_sach_');
INSERT INTO Product (uuid, p_name, price, discount, amount, cover, product_type_code) VALUES ('000164', 'Những Giấc Mơ Ở Hiệu Sách Morisaki', 62000.00, 0.20, 200, 'https://salt.tikicdn.com/cache/750x750/ts/product/54/f7/ca/03c0c61cea0582a3845944a31dbbdc7f.jpg.webp
', '1_tieu_thuyet');
INSERT INTO Product (uuid, p_name, price, discount, amount, cover, product_type_code) VALUES ('000165', 'Tấm mạng hoa', 164500.00, 0.20, 180, 'https://salt.tikicdn.com/cache/750x750/ts/product/aa/7c/45/d8a7b084d2bab9c563b6482f90516407.jpg.webp
', '1_tieu_thuyet');
INSERT INTO Product (uuid, p_name, price, discount, amount, cover, product_type_code) VALUES ('000166', 'Làm sao dừng lại thời gian', 143000.00, 0.20, 160, 'https://salt.tikicdn.com/cache/750x750/ts/product/12/94/cf/fab1bdde0318dec16055cd26ed10096a.jpg.webp
', '1_tieu_thuyet');
INSERT INTO Product (uuid, p_name, price, discount, amount, cover, product_type_code) VALUES ('000167', 'Bách hóa giấc mơ của ngài Dollargut', 97600.00, 0.20, 140, 'https://salt.tikicdn.com/cache/750x750/ts/product/d9/c8/01/b519b25ad3ffda25420263f404a790f8.jpg.webp
', '1_tieu_thuyet');
INSERT INTO Product (uuid, p_name, price, discount, amount, cover, product_type_code) VALUES ('000168', 'Cô Gái Trong Trang Sách', 114000.00, 0.20, 120, 'https://salt.tikicdn.com/cache/750x750/ts/product/48/72/98/5bfe08e21ef3b8f99110feb745e27da1.jpg.webp
', '1_tieu_thuyet');
INSERT INTO Product (uuid, p_name, price, discount, amount, cover, product_type_code) VALUES ('000169', 'Mặt Trời Trong Suối Lạnh', 83000.00, 0.20, 100, 'https://salt.tikicdn.com/cache/750x750/ts/product/48/51/f7/03db850b858cd137e0f3bab0284f624e.jpg.webp
', '1_tieu_thuyet');
INSERT INTO Product (uuid, p_name, price, discount, amount, cover, product_type_code) VALUES ('000170', 'Doraemon Truyện ngắn tập 1', 18000.00, 0.30, 485, 'https://salt.tikicdn.com/cache/750x750/ts/product/ed/9f/47/7259bd245d88fbd97ddc686705eec385.jpg.webp
', '1_truyen_tranh');
INSERT INTO Product (uuid, p_name, price, discount, amount, cover, product_type_code) VALUES ('000171', 'Doraemon Truyện ngắn tập 2', 18000.00, 0.30, 496, 'https://product.hstatic.net/200000122283/product/doraemon-truyen-ngan-tap-2-k0cmp_6bb7427ce83c474480e111b85cf3128e_master.jpg
', '1_truyen_tranh');
INSERT INTO Product (uuid, p_name, price, discount, amount, cover, product_type_code) VALUES ('000172', 'Doraemon Truyện ngắn tập 3', 18000.00, 0.30, 507, 'https://salt.tikicdn.com/cache/750x750/ts/product/5c/73/0d/1ca8a60bc9e6d21cdecd337b1e53722c.jpg.webp
', '1_truyen_tranh');
INSERT INTO Product (uuid, p_name, price, discount, amount, cover, product_type_code) VALUES ('000173', 'Doraemon Truyện ngắn tập 4', 18000.00, 0.30, 518, 'https://salt.tikicdn.com/cache/750x750/ts/product/38/ba/e8/c1787ee8cb8d80fd80493e27530e02aa.jpg.webp
', '1_truyen_tranh');
INSERT INTO Product (uuid, p_name, price, discount, amount, cover, product_type_code) VALUES ('000174', 'Doraemon Truyện ngắn tập 5', 18000.00, 0.30, 529, 'https://salt.tikicdn.com/cache/750x750/ts/product/23/a2/34/0584d8e0a0bae5c46ee37547ea7585a7.jpg.webp
', '1_truyen_tranh');
INSERT INTO Product (uuid, p_name, price, discount, amount, cover, product_type_code) VALUES ('000175', 'Doraemon Truyện ngắn tập 6', 18000.00, 0.30, 540, 'https://salt.tikicdn.com/cache/750x750/ts/product/45/68/6d/18af4eda1a2873585aefcb923445e696.jpg.webp
', '1_truyen_tranh');
INSERT INTO Product (uuid, p_name, price, discount, amount, cover, product_type_code) VALUES ('000176', 'Doraemon Truyện ngắn tập 7', 18000.00, 0.30, 551, 'https://salt.tikicdn.com/cache/750x750/ts/product/2c/58/65/b6163bd564482fa3632d0752154b99a6.jpg.webp
', '1_truyen_tranh');
INSERT INTO Product (uuid, p_name, price, discount, amount, cover, product_type_code) VALUES ('000177', 'Doraemon Truyện ngắn tập 8', 18000.00, 0.30, 562, 'https://salt.tikicdn.com/cache/750x750/ts/product/83/66/b7/5df6277a77222b57f11558feca32452b.jpg.webp
', '1_truyen_tranh');
INSERT INTO Product (uuid, p_name, price, discount, amount, cover, product_type_code) VALUES ('000178', 'Doraemon Truyện ngắn tập 9 ', 18000.00, 0.30, 573, 'https://salt.tikicdn.com/cache/750x750/ts/product/bf/a7/8c/1801cc484df62012dd327ce9b024f7bf.jpg.webp
', '1_truyen_tranh');
INSERT INTO Product (uuid, p_name, price, discount, amount, cover, product_type_code) VALUES ('000179', 'Doraemon Truyện ngắn tập 10', 18000.00, 0.30, 584, 'https://salt.tikicdn.com/cache/750x750/ts/product/c0/de/40/0fc7b543ed621ade24b9d8e0084d9ac9.jpg.webp
', '1_truyen_tranh');
INSERT INTO Product (uuid, p_name, price, discount, amount, cover, product_type_code) VALUES ('000180', 'Doraemon Truyện ngắn tập 11', 18000.00, 0.30, 595, 'https://salt.tikicdn.com/cache/750x750/ts/product/07/eb/f7/3981688dabb62f9c71b4daccc85fa1af.jpg.webp
', '1_truyen_tranh');
INSERT INTO Product (uuid, p_name, price, discount, amount, cover, product_type_code) VALUES ('000181', 'Thám Tử Lừng Danh Conan - Tập 1', 20000.00, 0.30, 606, 'https://salt.tikicdn.com/cache/750x750/ts/product/36/cc/aa/b7232b49f02582eb09ce168bc05b9432.jpg.webp
', '1_truyen_tranh');
INSERT INTO Product (uuid, p_name, price, discount, amount, cover, product_type_code) VALUES ('000182', 'Thám Tử Lừng Danh Conan - Tập 2', 20000.00, 0.30, 617, 'https://salt.tikicdn.com/cache/750x750/ts/product/e3/bc/3a/f5411a154e4caa39d5e5608a06030ebe.jpg.webp
', '1_truyen_tranh');
INSERT INTO Product (uuid, p_name, price, discount, amount, cover, product_type_code) VALUES ('000183', 'Thám Tử Lừng Danh Conan - Tập 3', 20000.00, 0.30, 628, 'https://salt.tikicdn.com/cache/750x750/ts/product/1f/86/b7/d38bcf96f7eb032e02d2da9b92f2bafd.jpg.webp
', '1_truyen_tranh');
INSERT INTO Product (uuid, p_name, price, discount, amount, cover, product_type_code) VALUES ('000184', 'Thám Tử Lừng Danh Conan - Tập 4', 20000.00, 0.30, 639, 'https://salt.tikicdn.com/cache/750x750/ts/product/ff/81/8e/aa679f58e8732c7df495a3672bae983c.jpg.webp
', '1_truyen_tranh');
INSERT INTO Product (uuid, p_name, price, discount, amount, cover, product_type_code) VALUES ('000185', 'Thám Tử Lừng Danh Conan - Tập 5', 20000.00, 0.30, 650, 'https://salt.tikicdn.com/cache/750x750/ts/product/91/54/29/affd1287ac61d9204a6afb5a8083aac4.jpg.webp
', '1_truyen_tranh');
INSERT INTO Product (uuid, p_name, price, discount, amount, cover, product_type_code) VALUES ('000186', 'Thám Tử Lừng Danh Conan - Tập 6', 20000.00, 0.30, 661, 'https://salt.tikicdn.com/cache/750x750/ts/product/00/f5/ce/2ad6d03a95028dc212745e66f8203b7d.jpg.webp
', '1_truyen_tranh');
INSERT INTO Product (uuid, p_name, price, discount, amount, cover, product_type_code) VALUES ('000187', 'Thám Tử Lừng Danh Conan - Tập 7', 20000.00, 0.30, 672, 'https://salt.tikicdn.com/cache/750x750/ts/product/32/8d/63/3a569ecaf7f12f990368a3819b569405.jpg.webp
', '1_truyen_tranh');
INSERT INTO Product (uuid, p_name, price, discount, amount, cover, product_type_code) VALUES ('000188', 'Thám Tử Lừng Danh Conan - Tập 8', 20000.00, 0.30, 683, 'https://salt.tikicdn.com/cache/750x750/ts/product/7f/ae/ef/fd2215e9b2ae86b470172aa218ed2ebb.jpg.webp
', '1_truyen_tranh');
INSERT INTO Product (uuid, p_name, price, discount, amount, cover, product_type_code) VALUES ('000189', 'Thám Tử Lừng Danh Conan - Tập 9', 20000.00, 0.30, 694, 'https://salt.tikicdn.com/cache/750x750/ts/product/44/80/a7/1e43d859659fed7b42a8d000e0773911.jpg.webp
', '1_truyen_tranh');
INSERT INTO Product (uuid, p_name, price, discount, amount, cover, product_type_code) VALUES ('000190', 'Thám Tử Lừng Danh Conan - Tập 10', 20000.00, 0.30, 705, 'https://salt.tikicdn.com/cache/750x750/ts/product/f5/80/1e/6820f2e70b9018f552678845a8615a03.jpg.webp
', '1_truyen_tranh');
INSERT INTO Product (uuid, p_name, price, discount, amount, cover, product_type_code) VALUES ('000191', 'Thám Tử Lừng Danh Conan - Tập 11', 20000.00, 0.30, 716, 'https://salt.tikicdn.com/cache/750x750/ts/product/9b/52/2d/cb618671d0b94cf25600e54d97a15b60.jpg.webp
', '1_truyen_tranh');
INSERT INTO Product (uuid, p_name, price, discount, amount, cover, product_type_code) VALUES ('000192', 'Thám Tử Lừng Danh Conan - Tập 12', 20000.00, 0.30, 727, 'https://salt.tikicdn.com/cache/750x750/ts/product/21/dd/dd/9b2ca3997da530dfef61d57f7b74d685.jpg.webp
', '1_truyen_tranh');
INSERT INTO Product (uuid, p_name, price, discount, amount, cover, product_type_code) VALUES ('000193', 'Thám Tử Lừng Danh Conan - Tập 13', 20000.00, 0.30, 731, 'https://salt.tikicdn.com/cache/750x750/ts/product/5d/97/c2/9d4850420d465c8dd49a08def8ee348e.jpg.webp
', '1_truyen_tranh');
INSERT INTO Product (uuid, p_name, price, discount, amount, cover, product_type_code) VALUES ('000194', 'Thám Tử Lừng Danh Conan - Tập 14', 20000.00, 0.30, 738, 'https://salt.tikicdn.com/cache/750x750/ts/product/b3/96/f7/0fa66cd4a5213f54b8f502b570dc8dba.jpg.webp
', '1_truyen_tranh');
INSERT INTO Product (uuid, p_name, price, discount, amount, cover, product_type_code) VALUES ('000195', 'Thám Tử Lừng Danh Conan - Tập 15', 20000.00, 0.30, 749, 'https://salt.tikicdn.com/cache/750x750/ts/product/0d/78/b8/1e93c465dacb1ad47a67a92829fd2287.jpg.webp
', '1_truyen_tranh');
INSERT INTO Product (uuid, p_name, price, discount, amount, cover, product_type_code) VALUES ('000196', 'Thám Tử Lừng Danh Conan - Tập 16', 20000.00, 0.30, 760, 'https://salt.tikicdn.com/cache/750x750/ts/product/23/86/5a/56b31bffdd35bb64af93c0bb42a28432.jpg.webp
', '1_truyen_tranh');
INSERT INTO Product (uuid, p_name, price, discount, amount, cover, product_type_code) VALUES ('000197', 'Thám Tử Lừng Danh Conan - Tập 17', 20000.00, 0.30, 771, 'https://product.hstatic.net/200000343865/product/17_21_451b0c045ce649e1bcfdd8e4c6cecd72_master.jpg
', '1_truyen_tranh');
INSERT INTO Product (uuid, p_name, price, discount, amount, cover, product_type_code) VALUES ('000198', 'Thám Tử Lừng Danh Conan - Tập 18', 20000.00, 0.30, 782, 'https://salt.tikicdn.com/cache/750x750/ts/product/cf/7f/cb/3d8f8ef6171c3362668681483549a230.jpg.webp
', '1_truyen_tranh');
INSERT INTO Product (uuid, p_name, price, discount, amount, cover, product_type_code) VALUES ('000199', 'Thám Tử Lừng Danh Conan - Tập 19', 20000.00, 0.30, 793, 'https://salt.tikicdn.com/cache/750x750/ts/product/1a/5e/7c/9c60aff3c1f96da91340e27acbb6acf1.jpg.webp
', '1_truyen_tranh');
INSERT INTO Product (uuid, p_name, price, discount, amount, cover, product_type_code) VALUES ('000200', 'Thám Tử Lừng Danh Conan - Tập 20', 20000.00, 0.30, 804, 'https://salt.tikicdn.com/cache/750x750/ts/product/64/c8/32/79836a412ff774e8a8e1ef0de2edf9e6.jpg.webp
', '1_truyen_tranh');
INSERT INTO Product (uuid, p_name, price, discount, amount, cover, product_type_code) VALUES ('000201', 'Bút bi TL-27 Xanh dương', 5000.00, 0.10, 20000, 'https://bizweb.dktcdn.net/100/376/170/products/f393aab7-ce63-4486-b6a8-60f449da1e79.jpg?v=1642331690667
', '2_but_bi');
INSERT INTO Product (uuid, p_name, price, discount, amount, cover, product_type_code) VALUES ('000202', 'Bút bi TL-79 Xanh dương', 6000.00, 0.10, 20000, 'https://bizweb.dktcdn.net/thumb/1024x1024/100/379/648/products/viet-bi-bam-tl-079-20c-h-l-1536295305-2-2.jpg
', '2_but_bi');
INSERT INTO Product (uuid, p_name, price, discount, amount, cover, product_type_code) VALUES ('000203', 'Bút bi TL-27 Đỏ', 5000.00, 0.10, 20000, 'https://vanphongphamphukhiet.com/assets/van-phong-pham/027.jpg
', '2_but_bi');
INSERT INTO Product (uuid, p_name, price, discount, amount, cover, product_type_code) VALUES ('000204', 'Bút bi TL-79 Đỏ', 6000.00, 0.10, 20000, 'https://bizweb.dktcdn.net/thumb/1024x1024/100/379/648/products/viet-bi-bam-tl-079-20c-h-l-1536295305-2-do.jpg?v=1589188473203
', '2_but_bi');
INSERT INTO Product (uuid, p_name, price, discount, amount, cover, product_type_code) VALUES ('000205', 'Tập học sinh 200 trang', 8000.00, 0.10, 100000, 'https://vn-live-01.slatic.net/p/a4d8479e6b028c9acd79a14c5c9a6bf1.jpg
', '2_so_tay');
INSERT INTO Product (uuid, p_name, price, discount, amount, cover, product_type_code) VALUES ('000206', 'Sổ tay A4 200 trang', 68000.00, 0.10, 1000, 'https://vanphong-pham.com/wp-content/uploads/2022/02/so-lx.jpg
', '2_so_tay');
INSERT INTO Product (uuid, p_name, price, discount, amount, cover, product_type_code) VALUES ('000207', 'Máy tính cầm tay Casio FX-570 VN PLUS', 580000.00, 0.10, 500, 'https://salt.tikicdn.com/ts/product/22/b4/71/6f72811493314bff3789dd0551e40528.jpeg
', '2_mtct');
INSERT INTO Product (uuid, p_name, price, discount, amount, cover, product_type_code) VALUES ('000208', 'Máy tính cầm tay Casio FX-580 VN PLUS', 680000.00, 0.20, 320, 'https://ngoclanvpp.vn/User_folder_upload/vppngoclan/files/may tinh Fx-580 VN X.jpg
', '2_mtct');
INSERT INTO Product (uuid, p_name, price, discount, amount, cover, product_type_code) VALUES ('000209', 'Balo Toetalk Student Backpack', 500000.00, 0.10, 100, 'https://lzd-img-global.slatic.net/g/p/05e9460ec04cc807f2b61e49af04d416.jpg_720x720q80.jpg_.webp
', '2_balo');



INSERT INTO Book (Book_UUID, IBSN, Publishing_year, Publisher, Authors) VALUES ('000150', '5612314', 2022, 'Nhà Xuất Bản Thanh Niên', 'Choi Kwanghyun');
INSERT INTO Book (Book_UUID, IBSN, Publishing_year, Publisher, Authors) VALUES ('000151', '7123546', 2021, 'Nhà Xuất Bản Thanh Niên', 'Lý Thế Cường');
INSERT INTO Book (Book_UUID, IBSN, Publishing_year, Publisher, Authors) VALUES ('000152', '8413456', 2021, 'Nhà Xuất Bản Văn Học', 'Trương Học Vĩ');
INSERT INTO Book (Book_UUID, IBSN, Publishing_year, Publisher, Authors) VALUES ('000153', '8794502', 2020, 'Nhà Xuất Bản Hà Nội', 'Khương Nguy');
INSERT INTO Book (Book_UUID, IBSN, Publishing_year, Publisher, Authors) VALUES ('000154', '4564585', 2020, 'Nhà Xuất Bản Đồng Nai', 'Kim Yo Eun');
INSERT INTO Book (Book_UUID, IBSN, Publishing_year, Publisher, Authors) VALUES ('000155', '9545351', 2019, 'Nhà Xuất Bản Phụ Nữ', 'Albert Rutherford');
INSERT INTO Book (Book_UUID, IBSN, Publishing_year, Publisher, Authors) VALUES ('000156', '8546512', 2018, 'Nhà Xuất Bản Hội Nhà Văn', 'Rosie Nguyễn');
INSERT INTO Book (Book_UUID, IBSN, Publishing_year, Publisher, Authors) VALUES ('000157', '3215443', 2021, 'Nhà Xuất Bản Thế Giới', 'Cảnh Thiên');
INSERT INTO Book (Book_UUID, IBSN, Publishing_year, Publisher, Authors) VALUES ('000158', '5486214', 2020, 'Nhà Xuất Bản Phụ Nữ Việt Nam', 'Lư Tư Hạo');
INSERT INTO Book (Book_UUID, IBSN, Publishing_year, Publisher, Authors) VALUES ('000159', '4562143', 2021, 'Nhà Xuất Bản Hà Nội', 'Ashley Davis Bush');
INSERT INTO Book (Book_UUID, IBSN, Publishing_year, Publisher, Authors) VALUES ('000160', '7313015', 2022, 'Nhà Xuất Bản Thế Giới', 'Dr. Gareth Moore');
INSERT INTO Book (Book_UUID, IBSN, Publishing_year, Publisher, Authors) VALUES ('000161', '4648941', 2022, 'Nhà Xuất Bản Lao Động', 'Tinh Vân');
INSERT INTO Book (Book_UUID, IBSN, Publishing_year, Publisher, Authors) VALUES ('000162', '4562314', 2022, 'Nhà Xuất Bản Hồng Đức', 'Tuệ Chân - Lê Tiến Thành');
INSERT INTO Book (Book_UUID, IBSN, Publishing_year, Publisher, Authors) VALUES ('000163', '4310435', 2018, 'Nhà Xuất Bản Dân Trí', 'Koga Fumitake, Kishimi Ichiro');
INSERT INTO Book (Book_UUID, IBSN, Publishing_year, Publisher, Authors) VALUES ('000164', '5784654', 2022, 'Nhà Xuất Bản Hà Nội', 'Yagisawa Satoshi');
INSERT INTO Book (Book_UUID, IBSN, Publishing_year, Publisher, Authors) VALUES ('000165', '8975413', 2022, 'Nhà Xuất Bản Đại Học Quốc Gia Hà Nội', 'W. Somerset Maugham');
INSERT INTO Book (Book_UUID, IBSN, Publishing_year, Publisher, Authors) VALUES ('000166', '1567984', 2022, 'Nhà Xuất Bản Thông Tấn', 'Matt Haig');
INSERT INTO Book (Book_UUID, IBSN, Publishing_year, Publisher, Authors) VALUES ('000167', '0534587', 2022, 'Nhà Xuất Bản Hà Nội', 'Lee Miye');
INSERT INTO Book (Book_UUID, IBSN, Publishing_year, Publisher, Authors) VALUES ('000168', '4564214', 2017, 'Nhà Xuất Bản Nhã Nam', 'Guillaume Musso');
INSERT INTO Book (Book_UUID, IBSN, Publishing_year, Publisher, Authors) VALUES ('000169', '1544858', 2022, 'Nhà Xuất Bản Phụ Nữ Việt Nam', 'Nguyễn Phương Văn');
INSERT INTO Book (Book_UUID, IBSN, Publishing_year, Publisher, Authors) VALUES ('000170', '4578945', 2021, 'Nhà Xuất Bản Kim Đồng', 'Fujiko F Fujio');
INSERT INTO Book (Book_UUID, IBSN, Publishing_year, Publisher, Authors) VALUES ('000171', '9840544', 2021, 'Nhà Xuất Bản Kim Đồng', 'Fujiko F Fujio');
INSERT INTO Book (Book_UUID, IBSN, Publishing_year, Publisher, Authors) VALUES ('000172', '9564244', 2021, 'Nhà Xuất Bản Kim Đồng', 'Fujiko F Fujio');
INSERT INTO Book (Book_UUID, IBSN, Publishing_year, Publisher, Authors) VALUES ('000173', '0546484', 2019, 'Nhà Xuất Bản Kim Đồng', 'Fujiko F Fujio');
INSERT INTO Book (Book_UUID, IBSN, Publishing_year, Publisher, Authors) VALUES ('000174', '6486414', 2019, 'Nhà Xuất Bản Kim Đồng', 'Fujiko F Fujio');
INSERT INTO Book (Book_UUID, IBSN, Publishing_year, Publisher, Authors) VALUES ('000175', '9854264', 2019, 'Nhà Xuất Bản Kim Đồng', 'Fujiko F Fujio');
INSERT INTO Book (Book_UUID, IBSN, Publishing_year, Publisher, Authors) VALUES ('000176', '4546548', 2019, 'Nhà Xuất Bản Kim Đồng', 'Fujiko F Fujio');
INSERT INTO Book (Book_UUID, IBSN, Publishing_year, Publisher, Authors) VALUES ('000177', '4556315', 2021, 'Nhà Xuất Bản Kim Đồng', 'Fujiko F Fujio');
INSERT INTO Book (Book_UUID, IBSN, Publishing_year, Publisher, Authors) VALUES ('000178', '4532002', 2021, 'Nhà Xuất Bản Kim Đồng', 'Fujiko F Fujio');
INSERT INTO Book (Book_UUID, IBSN, Publishing_year, Publisher, Authors) VALUES ('000179', '4315464', 2021, 'Nhà Xuất Bản Kim Đồng', 'Fujiko F Fujio');
INSERT INTO Book (Book_UUID, IBSN, Publishing_year, Publisher, Authors) VALUES ('000180', '4564828', 2021, 'Nhà Xuất Bản Kim Đồng', 'Fujiko F Fujio');
INSERT INTO Book (Book_UUID, IBSN, Publishing_year, Publisher, Authors) VALUES ('000181', '5648483', 2019, 'Nhà Xuất Bản Kim Đồng', 'Gosho Aoyama');
INSERT INTO Book (Book_UUID, IBSN, Publishing_year, Publisher, Authors) VALUES ('000182', '8845345', 2019, 'Nhà Xuất Bản Kim Đồng', 'Gosho Aoyama');
INSERT INTO Book (Book_UUID, IBSN, Publishing_year, Publisher, Authors) VALUES ('000183', '4612348', 2019, 'Nhà Xuất Bản Kim Đồng', 'Gosho Aoyama');
INSERT INTO Book (Book_UUID, IBSN, Publishing_year, Publisher, Authors) VALUES ('000184', '1985454', 2019, 'Nhà Xuất Bản Kim Đồng', 'Gosho Aoyama');
INSERT INTO Book (Book_UUID, IBSN, Publishing_year, Publisher, Authors) VALUES ('000185', '9845612', 2019, 'Nhà Xuất Bản Kim Đồng', 'Gosho Aoyama');
INSERT INTO Book (Book_UUID, IBSN, Publishing_year, Publisher, Authors) VALUES ('000186', '9451255', 2019, 'Nhà Xuất Bản Kim Đồng', 'Gosho Aoyama');
INSERT INTO Book (Book_UUID, IBSN, Publishing_year, Publisher, Authors) VALUES ('000187', '1635643', 2019, 'Nhà Xuất Bản Kim Đồng', 'Gosho Aoyama');
INSERT INTO Book (Book_UUID, IBSN, Publishing_year, Publisher, Authors) VALUES ('000188', '4484642', 2019, 'Nhà Xuất Bản Kim Đồng', 'Gosho Aoyama');
INSERT INTO Book (Book_UUID, IBSN, Publishing_year, Publisher, Authors) VALUES ('000189', '4315465', 2019, 'Nhà Xuất Bản Kim Đồng', 'Gosho Aoyama');
INSERT INTO Book (Book_UUID, IBSN, Publishing_year, Publisher, Authors) VALUES ('000190', '9541241', 2019, 'Nhà Xuất Bản Kim Đồng', 'Gosho Aoyama');
INSERT INTO Book (Book_UUID, IBSN, Publishing_year, Publisher, Authors) VALUES ('000191', '1345122', 2019, 'Nhà Xuất Bản Kim Đồng', 'Gosho Aoyama');
INSERT INTO Book (Book_UUID, IBSN, Publishing_year, Publisher, Authors) VALUES ('000192', '0345685', 2019, 'Nhà Xuất Bản Kim Đồng', 'Gosho Aoyama');
INSERT INTO Book (Book_UUID, IBSN, Publishing_year, Publisher, Authors) VALUES ('000193', '4864615', 2019, 'Nhà Xuất Bản Kim Đồng', 'Gosho Aoyama');
INSERT INTO Book (Book_UUID, IBSN, Publishing_year, Publisher, Authors) VALUES ('000194', '8945574', 2019, 'Nhà Xuất Bản Kim Đồng', 'Gosho Aoyama');
INSERT INTO Book (Book_UUID, IBSN, Publishing_year, Publisher, Authors) VALUES ('000195', '3446124', 2019, 'Nhà Xuất Bản Kim Đồng', 'Gosho Aoyama');
INSERT INTO Book (Book_UUID, IBSN, Publishing_year, Publisher, Authors) VALUES ('000196', '4981462', 2019, 'Nhà Xuất Bản Kim Đồng', 'Gosho Aoyama');
INSERT INTO Book (Book_UUID, IBSN, Publishing_year, Publisher, Authors) VALUES ('000197', '3215461', 2019, 'Nhà Xuất Bản Kim Đồng', 'Gosho Aoyama');
INSERT INTO Book (Book_UUID, IBSN, Publishing_year, Publisher, Authors) VALUES ('000198', '9615437', 2019, 'Nhà Xuất Bản Kim Đồng', 'Gosho Aoyama');
INSERT INTO Book (Book_UUID, IBSN, Publishing_year, Publisher, Authors) VALUES ('000199', '1461843', 2019, 'Nhà Xuất Bản Kim Đồng', 'Gosho Aoyama');
INSERT INTO Book (Book_UUID, IBSN, Publishing_year, Publisher, Authors) VALUES ('000200', '4578940', 2019, 'Nhà Xuất Bản Kim Đồng', 'Gosho Aoyama');


INSERT INTO Stationery (Stationery_UUID, Barcode, Distributor)
VALUES ('000201', '8935001800347', 'Thiên Long');
INSERT INTO Stationery (Stationery_UUID, Barcode, Distributor)
VALUES ('000202', '8935001803768', 'Thiên Long');
INSERT INTO Stationery (Stationery_UUID, Barcode, Distributor)
VALUES ('000203', '8935001804628', 'Thiên Long');
INSERT INTO Stationery (Stationery_UUID, Barcode, Distributor)
VALUES ('000204', '8935001804918', 'Thiên Long');
INSERT INTO Stationery (Stationery_UUID, Barcode, Distributor)
VALUES ('000205', '8935001800547', 'Thiên Long');
INSERT INTO Stationery (Stationery_UUID, Barcode, Distributor)
VALUES ('000206', '8936017885410', 'Thiên Long');
INSERT INTO Stationery (Stationery_UUID, Barcode, Distributor)
VALUES ('000207', '8934405684322', 'BITEX');
INSERT INTO Stationery (Stationery_UUID, Barcode, Distributor)
VALUES ('000208', '8935435728213', 'BITEX');
INSERT INTO Stationery (Stationery_UUID, Barcode, Distributor)
VALUES ('000209', '8938600923145', 'Tote Talk');
INSERT INTO Stationery (Stationery_UUID, Barcode, Distributor)
VALUES ('000210', '8931552904677', 'YAME');

INSERT INTO Product_type (Code, P_Description) VALUES 
    ('1_truyen_tranh', 'Truyện tranh'),
    ('1_sach_', 'Sách tâm lý'),
    ('1_sach_', 'Sách kỹ năng'),
    ('1_tieu_thuyet', 'Tiểu thuyết'),
    ('2_balo', 'Balo'),
    ('2_so_tay', 'Sổ tay'),
    ('2_mtct', 'Máy tính cầm tay'),
    ('2_but_bi', 'Bút bi');

INSERT INTO Bill (b_id, B_time, City, District, StreetNum, B_Status, Phone, Email, Customer_name, Payment_method) VALUES
	('d303bace-754a-4072-8874-6a7ce9d131e6', '18/03/2022 12:42', 'Hồ Chí Minh', 'Quận 1', '62 Nguyễn Huệ', 'Shipping', '0355749744', 'tranvana@gmail.com', 'Trần Văn A', 'Cash'),
	('b754c482-b84f-46bf-831e-a41e0bab9421', '27/08/2022 16:01', 'Hồ Chí Minh', 'Quận 2', '70 Mai Chí Thọ', 'Done', '0355749745', 'nguyenthib@gmail.com', 'Nguyễn Thị B', 'Cash'),
	('e00e99b8-da64-408e-b866-58df3d7ae32d', '07/10/2022 08:23', 'Hồ Chí Minh', 'Quận 3', '40 Điện Biên Phủ', 'Waiting', '0355749746', 'tranvanc@gmail.com', 'Trần Văn C', 'Cash'),
	('07d746d9-d496-4d57-b96d-da88096c6617', '23/12/2021 02:18', 'Hồ Chí Minh', 'Quận 4', '20 Nguyễn Tất Thành', 'Cancelled', '0355749747', 'nguyenthid@gmail.com', 'Nguyễn Thị D', 'Cash'),
	('f4545501-50ac-4dc0-a601-076a2c233b86', '14/09/2022 22:27', 'Hồ Chí Minh', 'Quận 5', '10 Nguyễn Văn Cừ', 'Shipping', '0355749748', 'tranvane@gmail.com', 'Trần Văn E', 'Banking'),
	('ea1fa864-672a-40c6-a9d3-0200339b6868', '25/03/2022 12:17', 'Hồ Chí Minh', 'Quận 6', '62 Hồng Bàng', 'Done', '0355749749', 'nguyenthig@gmail.com', 'Nguyễn Thị G', 'Banking'),
	('7adb9803-62ed-442d-8e2a-8db59aaed31d', '17/10/2021 18:49', 'Hồ Chí Minh', 'Quận 7', '29 Huỳnh Tấn Phát', 'Waiting', '0355749750', 'tranvanh@gmail.com', 'Trần Văn H', 'Banking'),
	('d1aa84c0-fee3-423a-b6e4-014bb2155295', '14/06/2022 03:06', 'Hồ Chí Minh', 'Quận 8', '20 Phạm Hùng', 'Cancelled', '0355749751', 'nguyenthip@gmail.com', 'Nguyễn Thị P', 'Banking'),
	('e0e4a4e9-5ad0-421c-a6fb-337c7b6c11fa', '05/11/2021 21:38', 'Hồ Chí Minh', 'Quận 9', '30 Trần Khế Xương', 'Shipping', '0355749752', 'tranvant@gmail.com', 'Trần Văn T', 'Banking');

INSERT INTO Included(Bill_ID,Product_UUID, Quantity)
VALUES ('d303bace-754a-4072-8874-6a7ce9d131e6', '000198', '2'),
       ('d303bace-754a-4072-8874-6a7ce9d131e6', '000197', '1'),
       ('d303bace-754a-4072-8874-6a7ce9d131e6', '000207', '2'),
       ('d303bace-754a-4072-8874-6a7ce9d131e6', '000180', '1'),
       ('d303bace-754a-4072-8874-6a7ce9d131e6', '000190', '2'),
       ('b754c482-b84f-46bf-831e-a41e0bab9421', '000180', '4'),
       ('b754c482-b84f-46bf-831e-a41e0bab9421', '000171', '4'),
       ('b754c482-b84f-46bf-831e-a41e0bab9421', '000167', '2'),
       ('e00e99b8-da64-408e-b866-58df3d7ae32d', '000176', '2'),
       ('e00e99b8-da64-408e-b866-58df3d7ae32d', '000209', '4'),
       ('e00e99b8-da64-408e-b866-58df3d7ae32d', '000191', '3'),
       ('e00e99b8-da64-408e-b866-58df3d7ae32d', '000201', '2'),
       ('07d746d9-d496-4d57-b96d-da88096c6617', '000203', '1'),
       ('07d746d9-d496-4d57-b96d-da88096c6617', '000208', '2'),
       ('07d746d9-d496-4d57-b96d-da88096c6617', '000172', '3'),
       ('07d746d9-d496-4d57-b96d-da88096c6617', '000181', '1'),
       ('07d746d9-d496-4d57-b96d-da88096c6617', '000182', '1'),
       ('07d746d9-d496-4d57-b96d-da88096c6617', '000156', '1'),
       ('07d746d9-d496-4d57-b96d-da88096c6617', '000191', '2'),
       ('07d746d9-d496-4d57-b96d-da88096c6617', '000184', '2'),
       ('f4545501-50ac-4dc0-a601-076a2c233b86', '000188', '2'),
       ('f4545501-50ac-4dc0-a601-076a2c233b86', '000187', '2'),
       ('ea1fa864-672a-40c6-a9d3-0200339b6868', '000160', '1'),
       ('ea1fa864-672a-40c6-a9d3-0200339b6868', '000170', '1'),
       ('ea1fa864-672a-40c6-a9d3-0200339b6868', '000193', '2'),
       ('7adb9803-62ed-442d-8e2a-8db59aaed31d', '000167', '2'),
       ('7adb9803-62ed-442d-8e2a-8db59aaed31d', '000178', '2'),
       ('7adb9803-62ed-442d-8e2a-8db59aaed31d', '000183', '1'),
       ('d1aa84c0-fee3-423a-b6e4-014bb2155295', '000202', '2'),
       ('d1aa84c0-fee3-423a-b6e4-014bb2155295', '000160', '1'),
       ('d1aa84c0-fee3-423a-b6e4-014bb2155295', '000151', '3'),
       ('e0e4a4e9-5ad0-421c-a6fb-337c7b6c11fa', '000164', '3'),
       ('e0e4a4e9-5ad0-421c-a6fb-337c7b6c11fa', '000151', '3'),
       ('e0e4a4e9-5ad0-421c-a6fb-337c7b6c11fa', '000173', '1'),
       ('e0e4a4e9-5ad0-421c-a6fb-337c7b6c11fa', '000165', '1');
